{
  "n_emb": 4,
  "n_ctx": 7,
  "n_layer": 3,
  "n_head": 1,
  "n_ff_exp": 3,
  "steps": 1500,
  "lr": 0.03069534244554585,
  "loss": 2.252706592921661,
  "generation": 1,
  "evolved": true
}