{
  "n_emb": 4,
  "n_ctx": 3,
  "n_layer": 7,
  "n_head": 4,
  "n_ff_exp": 4,
  "steps": 500,
  "lr": 0.03609613050850551,
  "loss": 1.7639422747211082,
  "generation": 1,
  "evolved": true
}