{
  "n_emb": 3,
  "n_ctx": 3,
  "n_layer": 1,
  "n_head": 1,
  "n_ff_exp": 2,
  "steps": 1782,
  "lr": 0.035370844483029316,
  "loss": 1.3778575005347662,
  "generation": 99,
  "evolved": true
}