{
  "n_emb": 24,
  "n_ctx": 32,
  "n_layer": 1,
  "n_head": 2,
  "n_ff_exp": 3,
  "steps": 500,
  "lr": 0.011900138625657246,
  "loss": 1.4675611122250256,
  "generation": 10,
  "evolved": true
}