{
  "n_emb": 8,
  "n_ctx": 24,
  "n_layer": 1,
  "n_head": 4,
  "n_ff_exp": 2,
  "steps": 500,
  "lr": 0.0268597887151285,
  "loss": 1.480321865337638,
  "generation": 1,
  "evolved": true
}